ImageId,EncodedPixels
00003e153.jpg,
0001124c7.jpg,
000155de5.jpg,264661 17 265429 33 266197 33 266965 33 267733 33 268501 33 269269 33 270037 33 270805 33 271573 33 272341 33 273109 33 273877 33 274645 33 275413 33 276181 33 276949 33 277716 34 278484 34 279252 33 280020 33 280788 33 281556 33 282324 33 283092 33 283860 33 284628 33 285396 33 286164 33 286932 33 287700 33 288468 33 289236 33 290004 33 290772 33 291540 33 292308 33 293076 33 293844 33 294612 33 295380 33 296148 33 296916 33 297684 33 298452 33 299220 33 299988 33 300756 33 301524 33 302292 33 303060 33 303827 34 304595 34 305363 33 306131 33 306899 33 307667 33 308435 33 309203 33 309971 33 310739 33 311507 33 312275 33 313043 33 313811 33 314579 33 315347 33 316115 33 316883 33 317651 33 318419 33 319187 33 319955 33 320723 33 321491 33 322259 33 323027 33 323795 33 324563 33 325331 33 326099 33 326867 33 327635 33 328403 33 329171 33 329938 34 330706 34 331474 33 332242 33 333010 33 333778 33 334546 33 335314 33 336082 33 336850 33 337618 33 338386 33 339154 33 339922 33 340690 33 341458 33 342226 33 343003 24 343787 8
000194a2d.jpg,360486 1 361252 4 362019 5 362785 8 363552 10 364321 10 365090 9 365858 10 366627 10 367396 9 368165 9 368933 10 369702 10 370471 9 371240 9 372009 9 372777 10 373546 9 374315 9 375084 7 375852 6 376621 3 377390 1
000194a2d.jpg,51834 9 52602 9 53370 9 54138 9 54906 9 55674 7 56442 7 57210 7 57978 7 58746 7 59514 7 60282 7 61050 9 61818 9 62586 9 63354 9 64122 9 64890 9
000194a2d.jpg,198320 10 199088 10 199856 10 200624 10 201392 10 202160 10 202928 10 203696 10 204464 10 205232 10 206000 10 206768 10 207536 10 208304 10 209072 10 209840 10 210608 10 211376 10 212144 10 212912 10 213680 10 214448 10 215216 10 215984 10 216751 10 217519 10 218287 10 219055 10 219823 10 220591 10 221359 10 222127 10 222895 10 223663 10 224431 10 225199 10 225967 10 226735 10 227503 10 228271 10 229039 10 229807 10 230575 10 231343 10 232111 10 232879 10 233647 10 234415 10
000194a2d.jpg,55683 1 56451 1 57219 1 57987 1 58755 1 59523 1 60291 1
000194a2d.jpg,254389 9 255157 17 255925 17 256693 17 257461 17 258229 17 258997 17 259765 17 260533 17 261301 17 262068 18 262836 17 263604 17 264372 17 265140 17 265908 17 266676 17 267444 17 268212 17 268980 17 269748 17 270516 17 271284 17 272052 17 272820 17 273588 17 274356 17 275124 17 275891 18 276659 17 277427 17 278195 17 278963 17 279731 17 280499 17 281267 17 282035 17 282803 17 283580 8
0001b1832.jpg,
00021ddc3.jpg,108287 1 109054 3 109821 4 110588 5 111356 5 112123 6 112890 7 113657 8 114424 9 115191 10 115958 11 116725 12 117493 12 118260 13 119027 14 119794 14 120561 14 121328 15 122095 15 122863 14 123630 14 124397 14 125164 14 125931 15 126698 15 127465 15 128232 15 129000 14 129767 14 130534 15 131301 15 132070 13 132839 11 133608 9 134378 6 135147 5 135916 3 136685 1
00021ddc3.jpg,101361 1 102128 3 102896 4 103663 6 104430 9 105198 10 105209 1 105965 14 106732 14 107500 14 108267 14 109034 14 109802 14 110569 14 111336 14 112104 14 112871 14 113638 14 114406 14 115173 14 115940 14 116708 14 117475 14 118242 14 119010 14 119777 14 120544 14 121312 14 122079 14 122846 14 123614 14 124381 14 125150 12 125920 10 126689 8 127459 5 128228 4 128998 1
00021ddc3.jpg,74441 3 75207 5 75975 5 76743 5 77511 5 78280 4 79048 5 79816 5 80584 5 81352 5 82120 5 82888 6 83657 5 84425 5 85193 5 85961 2
00021ddc3.jpg,74444 4 75212 4 75980 4 76748 4 77517 3 78285 3 79053 4 79821 4 80589 4 81357 4 82125 4
00021ddc3.jpg,150423 2 151190 3 151958 3 152726 4 153495 3 154263 3
00021ddc3.jpg,139644 2 140408 6 141174 9 141942 9 142711 6 143479 2
00021ddc3.jpg,75972 3 76738 5 77506 5 78274 5 79042 6 79811 5 80579 5 81347 5 82115 5 82883 5 83651 6 84420 5 85188 5 85956 2
00021ddc3.jpg,86727 2 87493 4 88261 4 89030 3 89798 4 90566 4 91334 4 92103 3 92871 1
00021ddc3.jpg,95225 2 95992 5 96760 7 97527 9 98294 9 99062 9 99829 9 100596 9 101364 9 102132 8 102901 6 103671 3 104440 2
0002756f7.jpg,255784 2 256552 4 257319 7 258087 9 258854 12 259622 14 260389 16 261159 16 261929 16 262699 16 263469 16 264239 16 265009 14 265779 11 266549 9 267319 6 268089 4 268859 1
0002756f7.jpg,248878 1 249645 4 250413 6 251180 9 251948 10 252715 13 253482 16 254250 18 255019 18 255789 18 256559 18 257329 18 258099 17 258869 15 259639 12 260409 10 261179 7 261949 5 262719 2 263488 1 264255 1
0002d0f32.jpg,
000303d4d.jpg,
00031f145.jpg,340363 1 341129 4 341896 6 342663 7 343429 10 344196 12 344962 15 345729 16 346496 18 347262 21 348029 23 348798 23 349567 22 350335 23 351104 23 351873 23 352642 22 353410 23 354179 23 354948 21 355717 18 356486 16 357254 15 358023 12 358792 10 359561 7 360329 6 361098 4 361867 1
00052ed46.jpg,
000532683.jpg,458957 14 459725 14 460493 14 461261 14 462029 14 462797 14 463565 14
000532683.jpg,567543 2 568309 4 569077 5 569846 4 570614 5 571382 5 572150 6 572919 5 573687 2
00053c6ba.jpg,565382 3 566144 9 566909 12 567677 13 568445 13 569214 12 569982 12 570750 13 571518 13 572287 12 573055 12 573823 13 574591 13 575360 12 576128 9 576896 3
00057a50d.jpg,
000592296.jpg,
0005d01c8.jpg,56010 1 56777 3 57544 6 58312 7 59079 9 59846 11 60613 14 61380 16 62148 17 62915 19 63682 22 64449 24 65216 26 65984 27 66751 30 67518 32 68285 34 69052 36 69820 38 70587 40 71354 42 72121 42 72888 42 73656 42 74423 42 75190 42 75957 42 76724 42 77492 42 78259 42 79026 42 79793 42 80560 42 81328 42 82095 42 82862 42 83629 42 84396 42 85164 42 85931 42 86698 42 87465 42 88232 42 89000 42 89767 42 90534 42 91301 42 92068 42 92836 42 93603 42 94370 42 95137 42 95904 42 96672 42 97439 42 98206 42 98973 42 99740 42 100508 42 101275 42 102042 42 102809 42 103576 42 104344 42 105111 42 105878 42 106645 42 107412 42 108180 42 108947 42 109714 42 110481 42 111249 41 112016 42 112783 42 113550 42 114317 42 115085 41 115852 42 116619 42 117386 42 118153 42 118921 41 119688 42 120455 42 121222 42 121989 42 122757 41 123524 42 124291 42 125058 42 125825 42 126593 42 127360 42 128127 42 128894 42 129661 42 130429 42 131196 42 131963 42 132730 42 133497 42 134265 42 135032 42 135799 42 136566 42 137333 42 138101 42 138868 42 139635 42 140402 42 141169 42 141937 42 142704 42 143471 42 144238 42 145005 42 145773 42 146540 42 147307 42 148074 42 148841 42 149609 42 150376 42 151143 42 151910 42 152677 42 153445 42 154212 42 154979 42 155746 42 156513 42 157281 42 158048 42 158815 42 159582 42 160349 42 161117 42 161884 42 162651 42 163418 42 164185 42 164953 42 165720 42 166487 42 167256 40 168025 38 168795 36 169564 34 170333 32 171102 30 171872 27 172641 26 173410 24 174179 22 174949 19 175718 17 176487 16 177256 14 178026 11 178795 9 179564 7 180333 6 181103 3 181872 1
0005d01c8.jpg,365871 1 366638 3 367405 6 368173 7 368940 9 369707 12 370474 14 371242 15 372009 17 372776 20 373543 22 374310 24 375078 26 375845 28 376612 30 377379 30 378147 29 378914 30 379681 30 380448 30 381215 30 381983 30 382750 30 383517 30 384284 30 385051 31 385819 30 386586 30 387353 30 388120 31 388888 30 389655 30 390422 30 391189 31 391956 31 392724 30 393491 30 394258 31 395025 31 395793 30 396560 30 397327 31 398094 31 398861 31 399629 30 400396 31 401163 31 401930 31 402698 30 403465 31 404232 31 404999 31 405766 31 406534 31 407301 31 408068 31 408835 31 409602 32 410370 31 411137 31 411904 31 412671 32 413439 31 414206 31 414973 31 415742 30 416511 28 417281 25 418050 23 418819 22 419588 20 420358 17 421127 15 421896 14 422666 11 423435 9 424204 7 424973 6 425743 3 426512 1
0005d6d95.jpg,265143 1 265910 4 266678 5 267445 7 268212 10 268980 11 269747 11 270514 12 271282 11 272049 11 272816 12 273583 12 274351 11 275118 12 275885 12 276653 11 277420 11 278189 10 278959 7 279728 5 280497 4 281267 1
0006c52e8.jpg,146366 1 147132 4 147899 5 148666 7 149432 10 150199 12 150966 13 151732 16 152499 18 153265 20 154032 22 154799 24 155565 27 156332 28 157099 30 157865 33 158632 35 159398 37 160165 39 160932 41 161698 43 162465 45 163231 48 163998 50 164765 51 165531 54 166298 56 167065 57 167831 60 168598 62 169364 65 170131 66 170898 68 171664 71 172431 73 173198 74 173964 77 174731 77 175497 77 176264 77 177031 77 177797 77 178564 77 179331 77 180097 77 180864 77 181630 77 182397 77 183164 77 183930 77 184697 77 185464 77 186230 77 186997 77 187763 77 188530 77 189297 77 190063 77 190830 77 191597 76 192363 77 193130 77 193896 77 194663 77 195430 77 196196 77 196963 77 197729 77 198496 77 199263 77 200029 77 200796 77 201563 77 202329 77 203096 77 203862 77 204629 77 205396 77 206162 77 206929 77 207696 77 208462 77 209229 77 209995 77 210762 77 211529 77 212295 77 213062 77 213829 77 214595 77 215362 77 216128 77 216895 77 217662 77 218428 77 219195 77 219962 77 220728 77 221495 77 222261 77 223028 77 223795 77 224561 77 225328 77 226095 76 226861 77 227628 77 228394 77 229161 77 229928 77 230694 77 231461 77 232227 77 232994 77 233761 77 234527 77 235294 77 236061 77 236827 77 237594 77 238360 77 239127 77 239894 77 240660 77 241427 77 242194 77 242960 77 243727 77 244493 77 245260 77 246027 77 246793 77 247560 77 248327 77 249093 77 249860 77 250626 77 251393 77 252160 77 252926 77 253693 77 254460 77 255226 77 255993 77 256759 77 257526 77 258293 77 259059 77 259826 77 260593 76 261359 77 262126 77 262892 77 263659 77 264426 77 265192 77 265959 77 266725 77 267492 77 268259 77 269025 77 269792 77 270559 77 271325 77 272092 77 272858 77 273625 77 274392 77 275158 77 275925 77 276692 77 277458 77 278225 77 278991 77 279758 77 280525 77 281291 77 282058 77 282825 77 283591 77 284358 77 285127 74 285895 73 286664 71 287433 68 288202 66 288970 65 289739 62 290508 60 291276 58 292045 56 292814 54 293583 51 294351 50 295120 47 295889 45 296658 43 297426 41 298195 39 298964 37 299732 35 300501 33 301270 30 302039 28 302807 27 303576 24 304345 22 305113 21 305882 18 306651 16 307420 13 308188 12 308957 10 309726 7 310495 5 311263 4 312032 1
0007b8229.jpg,
000805313.jpg,
000811bb6.jpg,
0008d6216.jpg,
000913daf.jpg,
000952d51.jpg,
000969125.jpg,
0009a46e1.jpg,
000a4d4fd.jpg,
000aed819.jpg,
000baef0c.jpg,
000bd9ac4.jpg,
000c150b0.jpg,
000c34352.jpg,
000d26c17.jpg,
000d42241.jpg,369226 3 369992 5 370760 5 371528 5 372296 5 373065 4 373833 4 374601 2
000db3e62.jpg,
000e37fc6.jpg,
000e6378b.jpg,224667 2 225431 6 226196 10 226962 12 227730 12 228499 12 229267 12 230035 12 230804 12 231572 12 232340 12 233109 12 233877 12 234645 12 235414 12 236182 12 236950 13 237719 12 238487 12 239256 12 240024 12 240792 12 241561 12 242329 12 243097 12 243866 12 244634 12 245402 12 246171 12 246939 12 247707 10 248476 5 249244 2
000e64855.jpg,
000f1f959.jpg,
000f7e728.jpg,
000f7f2fd.jpg,
000fd9827.jpg,53262 2 54028 4 54794 7 55560 9 56326 12 57092 14 57860 15 58629 14 59397 15 60166 14 60934 15 61703 12 62471 10 63240 7 64008 5 64777 2
